name,position,value,predicted_points,vap,GW
Aaron Connolly,1,45,0.023361454880127863,0.0005725846784345065,25
Aaron Cresswell,0,45,0.0832582918395855,0.0020208323262035314,25
Aaron Hickey,0,45,0.7570131058029683,0.018374104509780782,25
Aaron Ramsdale,2,50,0.7911525023271364,0.017087527048102298,25
Aaron Ramsey,3,50,0.5503753309193543,0.012016928622693327,25
Aaron Wan-Bissaka,0,46,1.288111384542765,0.030523966458359357,25
Abdoulaye Doucouré,3,56,3.0996109534526086,0.059838049294451905,25
Abdul Rahman Baba,0,40,-0.002569847678858539,-7.099026737178283e-05,25
Adam Davies,2,40,0.002206465894537213,6.0784184422512756e-05,25
Adam Lallana,3,50,0.7913128424594722,0.01727757297946446,25
Adam Smith,0,45,1.5461938782699844,0.03752897762791224,25
Adam Webster,0,45,0.6080734113651366,0.014759063382648945,25
Adam Wharton,3,50,1.776399300927407,0.03878601093727963,25
Adama Traoré,3,50,0.07346683982645885,0.0016040794721934248,25
Ademola Ola-Adebomi,1,45,-0.016044699689377495,-0.0003932524433670955,25
Admiral Muskwe,1,45,-0.0012390849733224796,-3.036972973829607e-05,25
Adrián San Miguel del Castillo,2,40,-0.004861506782394331,-0.0001339258066775298,25
Aidan Francis-Clarke,0,40,-0.008008273759486345,-0.00022122303203000952,25
Albert Sambi Lokonga,3,50,1.0871907667915621,0.02373778966793804,25
Alejandro Garnacho,3,50,2.8998552963511397,0.06331561782426069,25
Alejo Véliz,1,55,0.2289910208244591,0.004507697260323998,25
Aleksandar Mitrović,1,75,0.028477930232114868,0.0004022306529959727,25
Alex Iwobi,3,55,2.2148929470400223,0.043600254862992564,25
Alex Matos,3,45,0.02546001178988233,0.0006240198968108415,25
Alex Mighten,3,45,-0.007127264392837784,-0.00017468785276563198,25
Alex Murphy,0,40,0.0237809303803313,0.0006569317784621906,25
Alex Scott,3,50,0.9139265103319598,0.019954727299824452,25
Alex Telles,0,45,-0.018501530048006865,-0.00044906626330113743,25
Alexander Isak,1,77,3.587445567888298,0.0492780984600041,25
Alexandre Moreno Lopera,0,51,1.281207143296384,0.027144219137635255,25
Alexis Mac Allister,3,60,1.7557731896904396,0.031465469349291036,25
Alfie Dorrington,0,40,-0.003096069207388419,-8.552677368476295e-05,25
Alfie Doughty,0,46,3.410647340146663,0.08082102701769342,25
Alfie Gilchrist,0,40,0.08579848363543563,0.002370123857332476,25
Alfie Whiteman,2,40,-0.00307691746073252,-8.47635664113642e-05,25
Alisson Ramses Becker,2,57,3.529660635193909,0.06622252598862868,25
Allan Campbell,3,50,0.011408831355755822,0.00024910112130471226,25
Allan Saint-Maximin,3,60,0.018439465274193767,0.00033045636692103524,25
Alphonse Areola,2,43,3.0946799699290217,0.0787450374027741,25
Altay Bayindir,2,40,-0.01613177890728501,-0.0004444016227902207,25
Amad Diallo,3,45,0.048815950019205995,0.0011964693632158332,25
Amadou Diallo,3,45,0.0696688594118588,0.0017075700836239902,25
Amadou Onana,3,50,1.9176940262458684,0.0418710486079884,25
Amari'i Bell,0,40,1.90609229235989,0.0526544832143616,25
Ameen Al-Dakhil,0,40,1.0061529123851687,0.027794279347656593,25
Anass Zaroury,3,50,-0.05699135762028956,-0.0012443527864692044,25
Andi Zeqiri,1,45,0.026713947126583926,0.0006547536060437237,25
Andre Brooks,3,45,0.5059813706546087,0.012401504182710998,25
Andreas Hoelgebaum Pereira,3,55,3.0986134694735226,0.06099632813924257,25
Andrew Omobamidele,0,45,0.21478681195725746,0.005213272134884889,25
Andrew Robertson,0,66,1.376914006735256,0.022136881137222765,25
Andrey Nascimento dos Santos,3,45,0.062062169286351665,0.0015211316001556782,25
Andros Townsend,3,50,2.603994438703718,0.05685577377082354,25
André Onana,2,50,3.4075185262812013,0.07359651244667823,25
André Tavares Gomes,3,45,0.3324410153071866,0.00814806410066634,25
Andy Lonergan,2,40,-0.011872565763180076,-0.0003270679273603327,25
Anel Ahmedhodžić,0,45,1.2469403587301464,0.03026554268762491,25
Angelo Ogbonna,0,45,0.4849960405670658,0.011771748557453053,25
Anis Slimane,3,50,0.10809555102548246,0.002360164869552019,25
Anssumane Fati Vieira,3,65,0.8173955920554905,0.013444006448281094,25
Anthony Elanga,3,51,3.243587513459995,0.06930742550128195,25
Anthony Gordon,3,62,4.3750938543400855,0.07569366530000149,25
Anthony Knockaert,3,45,-0.004515794949073587,-0.00011068124875180361,25
Anthony Martial,1,65,1.0165568258364706,0.016719684635468267,25
Antoine Semenyo,1,46,2.1913311226187444,0.0524241895363336,25
Antonee Robinson,0,45,2.8374171900372174,0.06886934927274799,25
Antony Matheus dos Santos,3,70,1.1573791116293866,0.017589348201054508,25
Antwoine Hackford,1,45,0.024909282954894058,0.000610521641051325,25
Aribim Pepple,1,45,-0.0012680777802572818,-3.108033775140397e-05,25
Arijanet Muric,2,45,-0.005156154395523249,-0.0001248463534025,25
Armando Broja,1,50,1.1761941546004009,0.025681095078611375,25
Arnaut Danjuma Groeneveld,3,55,0.869838085746178,0.017122796963507443,25
Ashley Phillips,0,40,-0.014021595863144443,-0.00038733690229680775,25
Ashley Young,0,45,1.435830495347395,0.03485025474144163,25
Auston Trusty,0,40,1.0927971584890752,0.030187766809090473,25
Axel Disasi,0,51,2.5421317418694205,0.053858723344691106,25
Aymeric Laporte,0,50,-0.0031394561096898532,-6.795359544783232e-05,25
Bailey Peacock-Farrell,2,40,-0.0032845168245282386,-9.048255714953826e-05,25
Bart Verbruggen,2,45,1.2063056323886228,0.029208368822969077,25
Bashir Humphreys,0,40,-0.00040503309163691936,-1.1188759437483959e-05,25
Ben Brereton,3,50,2.886112903435569,0.06301556557719583,25
Ben Chilwell,0,58,0.7283578941605802,0.013438337530638009,25
Ben Davies,0,45,1.1800992932344407,0.028643186728991278,25
Ben Doak,3,45,0.0249495030080141,0.0006115074266670123,25
Ben Godfrey,0,45,0.3337641008793094,0.008101070409691975,25
Ben Greenwood,0,40,0.005519607155306139,0.00015247533578193753,25
Ben Jackson,0,40,0.007619546096618968,0.00021048469880162893,25
Ben Johnson,0,45,0.36951275187099153,0.008968756113373581,25
Ben Mee,0,50,1.395989124836597,0.030216214823302962,25
Ben Osborn,3,50,0.5563394300910107,0.012147149128624688,25
Ben Parkinson,1,45,0.05879491079312743,0.0014410517351256724,25
Ben Pearson,3,45,0.02742041705716025,0.0006720690455186336,25
Bendegúz Bolla,0,40,-0.02907910057825136,-0.0008032900712224132,25
Benicio Baker-Boaitey,3,45,0.17399134417430073,0.0042644937297622735,25
Benjamin Fredrick,0,40,0.08463192842293044,0.0023378985752190726,25
Benjamin White,0,58,3.4239392258118926,0.06317231043933381,25
Benoît Badiashile,0,45,0.8430038484329976,0.02046125845711159,25
Bernardo Veiga de Carvalho e Silva,3,65,3.9217148583783388,0.06450188911806479,25
Bernd Leno,2,48,3.4842828672647315,0.0786519834597005,25
Bertrand Traoré,3,50,0.05911096499485924,0.0012906324234685425,25
Billy Gilmour,3,50,2.586295651933061,0.05646933737845112,25
Bobby Clark,3,45,0.03638853339647055,0.000891875818540945,25
Bobby De Cordova-Reid,3,55,2.6070516597605202,0.05131991456221497,25
Bobby Thomas,0,40,-0.018902453187048474,-0.0005221672151118363,25
Boubacar Kamara,3,50,1.8610325326113155,0.04063389809195012,25
Boubacar Traoré,3,45,0.3533613528911941,0.008660817472823384,25
Bradley Ibrahim,3,45,0.015686741908172763,0.00038447896833756774,25
Braian Ojeda Rodríguez,3,45,-0.007231644672810539,-0.00017724619296104264,25
Brandon Aguilera Zamora,3,45,0.036652387981888385,0.0008983428426933428,25
Brandon Austin,2,40,-0.003166098857646016,-8.722035420512441e-05,25
Brandon Williams,0,40,-0.015652403625720734,-0.000432386840489523,25
Brennan Johnson,3,60,2.727165436277791,0.0488739325497812,25
Bruno Borges Fernandes,3,85,3.388241119978515,0.04193367722745687,25
Bruno Cavaco Jordão,3,45,-0.009654685705801358,-0.0002366344535735627,25
Bruno Guimarães Rodriguez Moura,3,60,3.26129467118953,0.05844614106074427,25
Bryan Gil Salvatierra,3,50,0.2168111783550321,0.004733868523035636,25
Bryan Mbeumo,3,71,3.5140142893365836,0.052605004331385985,25
Bukayo Saka,3,91,5.884652391319252,0.06779553446220336,25
Bénie Traoré,1,55,0.29503035743155526,0.005807684201408568,25
CJ Egan-Riley,0,40,-0.018765578636481428,-0.0005183861501790449,25
Callum Hudson-Odoi,3,50,1.7899146267041506,0.03908110538655351,25
Callum Marshall,1,45,-0.03897923223969782,-0.00095537333920828,25
Callum Scanlon,0,40,-0.04340749044645045,-0.0011991019460345427,25
Callum Wilson,1,80,2.6446342377127623,0.03488963374291243,25
Calum Chambers,0,40,0.01037119244237078,0.0002864970287947729,25
Calvin Bassey,0,45,0.9431528597804621,0.022892059703409275,25
Cameron Archer,1,46,2.603864032177471,0.06229339789898257,25
Cameron Peupion,3,45,0.07039493684608344,0.001725366099168712,25
Caoimhin Kelleher,2,40,0.4466427514783019,0.012304208029705287,25
Carlos Baleba,3,45,0.4549069470865925,0.011149680075651779,25
Carlos Henrique Casimiro,3,55,1.1120652898990777,0.021891049013761373,25
Carlos Mendes Gomes,3,45,0.013683874395991225,0.00033538907833311827,25
Carlos Vinícius Alves Morais,1,50,0.7637904441104062,0.016676647251318913,25
Carlton Morris,1,56,3.866340752412934,0.07463978286511455,25
Carney Chukwuemeka,3,45,0.36853778324221786,0.00903278880495632,25
Cauley Woodrow,1,45,0.25175843964168027,0.006170549991217654,25
Cesare Casadei,3,45,0.1371137518911164,0.003360631173801873,25
Charles Sagoe,3,45,0.01568774526077421,0.0003845035603130934,25
Charlie Goode,0,40,-0.0012037873803628918,-3.3253795037648944e-05,25
Charlie Taylor,0,40,1.5319814910288674,0.042319930691405175,25
Cheick Doucouré,3,50,1.0447154607876163,0.02281038123990429,25
Cheikhou Kouyaté,3,50,0.07735275487308996,0.0016889247788884271,25
Chiedozie Ogbene,1,50,2.5686504278625364,0.05608407047734796,25
Chris Basham,0,40,0.22702308608132205,0.006271355969097294,25
Chris Mepham,0,45,0.19344857817771566,0.0046953538392649425,25
Chris Richards,0,40,0.8276699841592468,0.02286381171710626,25
Chris Wood,1,50,3.078576144041473,0.06721781973889679,25
Christian Eriksen,3,60,1.38349525106146,0.024793821703610396,25
Christian Nørgaard,3,55,2.3349363353112658,0.04596331368722965,25
Christian Pulisic,3,55,0.013683714148069598,0.00026936445173365354,25
Christopher Nkunku,1,75,0.7586984609461703,0.010716079956866813,25
Clément Lenglet,0,45,1.034138478255823,0.025100448501354924,25
Cody Gakpo,1,75,2.1593274152867563,0.030498974792185825,25
Cole Palmer,3,59,4.376579845916177,0.0798645957283974,25
Connor Roberts,0,45,0.5239396174348874,0.012716981005701148,25
Conor Bradley,0,41,2.106359559274634,0.05662256879770521,25
Conor Coventry,3,45,-0.002860778273615888,-7.011711454940903e-05,25
Conor Gallagher,3,55,3.2318707164511293,0.06361950229234507,25
Craig Dawson,0,45,2.358599991542172,0.057247572610246884,25
Cristian Romero,0,50,2.281302333496898,0.049378838387378735,25
Curtis Jones,3,50,1.340390604101745,0.02926617039523461,25
Cédric Alves Soares,0,40,0.02672361285672492,0.0007382213496332851,25
César Azpilicueta,0,45,-0.004953252653056961,-0.00012022457895769322,25
Daiki Hashioka,0,40,0.11493406278095752,0.003174974109971202,25
Dan Burn,0,47,2.3260460051279566,0.0538436575261101,25
Dan Potts,0,40,-0.007319252400179804,-0.0002021892928226465,25
Dane Scarlett,1,45,-0.012924309552905078,-0.0003167722929633598,25
Dango Ouattara,3,50,0.5483197174266751,0.011972046232023473,25
Daniel Bentley,2,40,0.5111453345443118,0.014081138692680767,25
Daniel Castelo Podence,3,55,-0.014415307496603441,-0.00028376589560242995,25
Daniel Gore,3,45,0.01580762400245342,0.0003874417647660152,25
Daniel Jebbison,1,50,-0.010595967547664509,-0.00023135300322411594,25
Daniel Muñoz,0,45,0.20562445623961811,0.004990884860184905,25
Danilo dos Santos de Oliveira,3,55,1.0579136817183619,0.020825072474770903,25
Danny Ings,1,60,0.5957117088912849,0.010675837076904747,25
Danny Welbeck,1,60,1.8701777825795498,0.03351573087060125,25
Dara Costelloe,3,45,0.0022359613540386125,5.4802974363691484e-05,25
Dara O'Shea,0,45,1.9697885848727832,0.0478104025454559,25
Darko Churlinov,3,45,0.002252577107361431,5.521022321964292e-05,25
Darren Randolph,2,40,0.022813480398260505,0.0006284705343873418,25
Darwin Núñez Ribeiro,1,77,3.6341743839481957,0.04991997780148621,25
David Brooks,3,50,0.6904018800743665,0.015074276857518921,25
David Datro Fofana,1,50,0.6445072645062777,0.014072211015420912,25
David Ozoh,3,45,0.09476909763526581,0.0023227720008643584,25
David Raya Martin,2,50,3.2770294354700775,0.0707781735522695,25
Davinson Sánchez,0,45,-0.010440061827911656,-0.00025339955892989457,25
Dean Henderson,2,45,0.6192714182638275,0.014994465333264588,25
Declan Rice,3,55,4.257577189227225,0.08381057459108712,25
Deivid Washington de Souza Eugênio,1,45,0.016302311118490204,0.00039956644898260307,25
Dejan Kulusevski,3,72,3.388881588555619,0.04998350425598258,25
Dele Alli,3,50,-0.008111164145040928,-0.00017709965382185433,25
Demarai Gray,3,55,-0.0093527625293989,-0.0001841094986102146,25
Denis Franchi,2,40,-0.003095817381264132,-8.52842253791772e-05,25
Deniz Undav,1,55,0.0185884553503618,0.00036591447540082283,25
Destiny Udogie,0,49,2.379821639832082,0.05265092123522305,25
Detlef Esapa Osong,1,45,-0.07705867479938128,-0.001888693009788757,25
Devan Tanton,0,40,-0.02639299287110311,-0.0007290882008592019,25
Diego Carlos Santos Silva,0,45,1.547285794860946,0.03755548045778995,25
Diego Manuel Jadon da Silva Moreira,3,45,0.011414577361486794,0.00027976905297761754,25
Diogo Dalot Teixeira,0,51,2.9339498854461974,0.062159955200131296,25
Diogo Teixeira da Silva,3,82,3.2473805128599196,0.041740109419793316,25
Dion Pereira,3,45,0.01430149471743597,0.00035052683130970514,25
Divin Mubama,1,45,0.12392281189541238,0.00303732382096599,25
Divock Origi,1,50,0.3572188486741017,0.007799538180657243,25
Djed Spence,0,40,-0.017384946237298887,-0.00048024713362704107,25
Djordje Petrovic,2,45,0.783077190793486,0.018960706798873756,21
Dominic Calvert-Lewin,1,60,2.7131646664635234,0.04862302269647892,25
Dominic Sadi,3,45,0.07411545543557096,0.0018165552802836022,25
Dominic Solanke,1,71,5.005888729147605,0.07493845402915576,25
Dominik Szoboszlai,3,71,3.8287535982454584,0.05731667063241704,25
Donny van de Beek,3,50,0.030607335783696843,0.0006682824406920708,25
Douglas Luiz Soares de Paulo,3,56,4.748771980238077,0.09167513475363083,25
Dwight McNeil,3,55,2.920907947007846,0.05749818793322532,25
Eberechi Eze,3,65,2.583247718922114,0.04248762695595582,25
Eddie Beach,2,40,0.005986840061493859,0.00016492672345713112,25
Eddie Nketiah,1,57,3.0646048201477356,0.05804175795734348,25
Ederson Santana de Moraes,2,56,2.9123524497659137,0.05568551529189128,25
Edson Álvarez Velázquez,3,50,1.5132959593804833,0.03304139649302366,25
Elijah Adebayo,1,50,3.1851975564120876,0.06954579817493642,25
Elijah Campbell,0,40,-0.005055845237902784,-0.00013966423309123713,25
Ellery Balcombe,2,40,0.014616836879662753,0.0004026676826353376,25
Elliot Anderson,3,45,0.7738340463875433,0.018966520744792728,25
Elliot Thorpe,3,45,0.013635584396376244,0.00033420549991118245,25
Ellis Simms,1,45,-0.021356142960259006,-0.0005234348764769364,25
Emerson Leite de Souza Junior,0,45,0.8933797611775407,0.021683974785862637,25
Emerson Palmieri dos Santos,0,46,2.5833011769179324,0.06121566769947707,25
Emil Krafth,0,45,0.34231671134688946,0.00830865804240023,25
Emile Smith Rowe,3,55,0.5588944146521682,0.011001858556145043,25
Emiliano Buendía Stati,3,60,0.023203453788250616,0.0004158325051657817,25
Emiliano Marcondes,3,45,0.027492229266066093,0.0006738291486780906,25
Emiliano Martínez Romero,2,52,3.2462411065855177,0.06720996079887201,25
Emmanuel Dennis,1,50,-0.023189655090475214,-0.0005063243469536073,25
Enes Ünal,1,50,0.1529003142266363,0.0033384348084418407,25
Enock Agyei,3,45,0.002353451379539323,5.7682631851454e-05,25
Enso González,3,50,-0.011071120367454224,-0.00024172751894004858,25
Enzo Fernández,3,50,2.1294790659256053,0.046495176111912784,25
Eric Bailly,0,40,-0.015550618848063913,-0.00042957510630010806,25
Eric Dier,0,45,0.1483482603902519,0.00360068593180223,25
Erling Haaland,1,143,5.976762894497146,0.04306025140127626,25
Ethan Ampadu,0,40,-0.002534209342679894,-7.00057829469584e-05,25
Ethan Brierley,3,45,0.01506899498058234,0.000369338112269175,25
Ethan Horvath,2,45,-0.01474361771348165,-0.0003569883223603305,25
Ethan Nwaneri,3,45,0.18982862904481412,0.004652662476588582,25
Ethan Pinnock,0,46,2.8461063913191094,0.06744327941514476,25
Evan Ferguson,1,61,2.562875121221012,0.04512104086656711,25
Ezri Konsa Ngoyo,0,46,2.7436889643274913,0.0650163261688979,25
Fabian Mrozek,2,40,-0.07822376730692399,-0.002154924719199008,25
Fabian Schär,0,53,3.274274875282374,0.06655030234313768,25
Fabio Henrique Tavares,3,50,-0.002260430226174115,-4.935437175052653e-05,25
Facundo Buonanotte,3,50,1.0125824023015073,0.022108786076452128,25
Facundo Pellistri Rebollo,3,45,0.3256782780883536,0.007982310737459647,25
Felipe Augusto de Almeida Monteiro,0,45,0.0712074606148948,0.0017283364226916213,25
Femi Seriki,0,40,-0.01405507769600367,-0.0003882618148067312,25
Filip Marschall,2,40,0.013767185079287092,0.0003792612969500577,25
Flynn Downes,3,50,-0.005399677648707635,-0.0001178968918931798,25
Fodé Ballo-Touré,0,45,-0.020156670116013325,-0.0004892395659226535,25
Folarin Balogun,1,45,0.0063966355296403155,0.00015678028258922342,25
Francisco Jorge Tomás Oliveira,3,45,-0.010065039220849697,-0.00024669213776592396,25
Frank Onyeka,3,50,0.6415732504736971,0.014008149573661508,25
Fraser Forster,2,40,0.004250824142619847,0.00011710259346060185,25
Fred Onyedinma,3,50,0.011261693613617896,0.0002458885068475523,25
Frederico Rodrigues de Paula Santos,3,50,0.0029481835779109344,6.437082047840468e-05,25
Fábio Ferreira Vieira,3,55,0.6238720734936272,0.01228094632861471,25
Fábio Silva,1,55,0.12082729273675852,0.0023784900145031205,25
Gabriel Fernando de Jesus,1,80,2.834580156488456,0.037395516576364855,25
Gabriel Martinelli Silva,3,80,3.785504674671719,0.04994069491651344,25
Gabriel Osho,0,45,1.4922010502106833,0.03621847209249231,25
Gabriel Słonina,2,40,0.0131588153942368,0.00036250180149412675,25
Gabriel dos Santos Magalhães,0,50,3.301066664735443,0.07145165940985808,25
Garang Kuol,3,45,0.025393221444547948,0.0006223828785428419,25
Gavin Kilkenny,3,45,0.027658449914228278,0.0006779031841722617,25
George Baldock,0,40,0.8800613381369189,0.024311086688865162,25
George Shelvey,2,40,-0.012970039164892866,-0.0003573013544047622,25
Gianluca Scamacca,1,60,-0.025665655157610795,-0.00045995797773496053,25
Giovani Lo Celso,3,50,1.2500846988056606,0.02729442573811486,25
Giovanni Reyna,3,50,0.49531965125189537,0.010814839546984615,25
Giulian Biancone,0,40,-0.027909476198157757,-0.0007709800054739711,25
Glen Rea,3,45,0.01381923701100446,0.00033870678948540346,25
Gonzalo Montiel,0,45,0.7702245016284954,0.018694769457002314,25
Gonçalo Manuel Ganchinho Guedes,3,55,-0.014564748328901783,-0.0002867076442697202,25
Granit Xhaka,3,60,0.012508327735996194,0.0002241635794981397,25
Guglielmo Vicario,2,53,3.285011477763109,0.06663309285523548,25
Gustavo Hamer,3,50,2.378762459055298,0.05193804495753926,25
Gustavo Henrique Furtado Scarpa,3,45,-0.007033022686064289,-0.00017237800701137964,25
Hakim Ziyech,3,55,0.014326660373664118,0.00028202087349732516,25
Halil Dervişoğlu,1,45,0.004115006130891996,0.00010085799340421559,25
Hamed Traorè,3,50,0.11222104601614036,0.002450241179391711,25
Han-Noah Massengo,3,50,0.07014475707607998,0.0015315449143248905,25
Hannes Delcroix,0,40,0.406703697101199,0.01123490875970163,25
Hannibal Mejbri,3,45,0.3379997554852615,0.008284307732481901,25
Harrison Ashby,0,40,0.004438006449338783,0.00012259686324140283,25
Harrison Reed,3,50,1.0810963822070805,0.023604724502338005,25
Harry Arter,3,45,-0.007051047779937231,-0.0001728197985278733,25
Harry Kane,1,125,-0.03799457743312934,-0.0003145246476252429,25
Harry Maguire,0,45,1.8295060713885813,0.04440548716962576,25
Harry Toffolo,0,45,1.6918108458687007,0.04106337004535681,25
Harry Wilson,3,55,1.94059608715103,0.03820071037698878,25
Harvey Barnes,3,65,0.8403669383752215,0.013821824644329302,25
Harvey Elliott,3,50,1.7411304656493058,0.038015949031644236,25
Harvey Griffiths,3,45,-0.04689543259280918,-0.0011493978576668916,25
Hjalmar Ekdal,0,40,0.23259760399703355,0.006425348176713633,25
Hugo Bueno López,0,45,0.49511971496411666,0.012017468809808656,25
Hugo Lloris,2,50,-0.006219319131390955,-0.00013432654711427548,25
Hwang Hee-chan,3,58,3.5004708956021364,0.0650645147881438,25
Hwang Ui-jo,1,45,-0.01809748719275356,-0.0004435658625674892,25
Hákon Valdimarsson,2,40,0.10027177774528107,0.0027623079268672473,25
Ian Maatsen,3,55,0.17482881397945527,0.0034415120862097497,25
Ibrahim Sangaré,3,50,0.6847141062612965,0.014950089656360186,25
Ibrahima Konaté,0,50,1.3332492237318099,0.02885820830588333,25
Idrissa Gueye,3,50,1.270104520429339,0.027731539747365485,25
Igor Julio dos Santos de Paulo,0,45,0.8307051094838254,0.020162745375821002,25
Iliman Ndiaye,1,55,-0.012952045094522885,-0.0002549615176087182,25
Illia Zabarnyi,0,45,2.5693484944032168,0.062362827534058654,25
Ionuț Radu,2,45,0.24048636949584085,0.005822914515637793,25
Isaac Hayden,3,45,0.025553996585130717,0.0006263234457139882,25
Ismaila Coulibaly,3,45,0.007468255093167175,0.00018304546796978373,25
Issa Diop,0,45,1.3527921199423443,0.03283476019277534,25
Issa Kaboré,0,40,1.2130939707420696,0.03351088316967043,25
Ivan Neves Abreu Cavaleiro,3,50,-0.007155789742601226,-0.00015623995071181718,25
Ivan Perišić,0,50,0.15638049266200982,0.0033848591485283507,25
Ivan Toney,1,81,1.0865503998814372,0.01414779166512288,25
Ivo Grbic,2,45,0.3681171434546491,0.008913248025536297,25
Jack Cork,3,50,0.03624039563513237,0.000791275013867519,25
Jack Grealish,3,75,1.5979427738458885,0.02256981318991368,25
Jack Harrison,3,55,3.0253701120138095,0.05955452976405137,25
Jack Hinshelwood,3,45,1.6685953359646595,0.04089694450893774,25
Jack Robinson,0,45,1.5343596602175331,0.03724173932566828,25
Jack Walton,2,40,0.008212374404528988,0.00022623620949115673,25
Jacob Brown,1,50,1.5824130563995242,0.03455050341483677,25
Jacob Bruun Larsen,3,50,0.9941981301613585,0.021707382754614816,25
Jacob Murphy,3,50,1.1740477285862008,0.025634229881794778,25
Jacob Ramsey,3,60,0.6853460597426623,0.012282187450585347,25
Jacob Wright,3,45,-0.08079574215200418,-0.0019802877978432397,25
Jadan Raymond,3,45,-0.002635060704103409,-6.458482117900513e-05,25
Jaden Philogene-Bidace,3,45,0.03201952297278354,0.0007847922297250869,25
Jadon Sancho,3,70,0.10863929501267133,0.0016510531156940932,25
Jaidon Anthony,3,50,0.06440908606937845,0.0014063119229121934,25
Jairo Riedewald,3,45,0.2486234343432011,0.006093711626058851,25
Jake O'Brien,0,40,-0.0286925524429113,-0.0007926119459367762,25
Jakub Kiwior,0,45,0.7754190201581106,0.018820850003837635,25
Jakub Moder,3,45,0.07183013079231676,0.001760542421380313,25
Jamaal Lascelles,0,42,1.5570753435586857,0.04076113464813313,25
Jamal Lewis,0,40,0.004347386310451062,0.0001200935444875984,25
Jamal Lowe,3,50,0.025103126624156147,0.0005481032014007893,25
James Garner,3,50,2.448469180462655,0.053460025774293776,25
James Hill,0,40,0.05382878474682756,0.00148698300405601,25
James Maddison,3,81,3.2128229311849497,0.0418336319164707,25
James McAtee,3,45,2.0160231428987077,0.04941233193379186,25
James McConnell,3,45,0.036089099757860094,0.0008845367587710808,25
James Milner,3,50,1.2501789266752035,0.027296483115179116,25
James Shea,2,45,0.0062013003487190466,0.00015015255081644182,25
James Tarkowski,0,46,3.0387721836569437,0.07200881951793706,25
James Tomkins,0,40,-0.020786955869592866,-0.0005742253002649963,25
James Trafford,2,45,2.9169456206707,0.07062822326079177,25
James Ward-Prowse,3,63,4.6835950046060395,0.0796529762688102,25
James Wright,2,40,0.01083190157166325,0.00029839949233232094,25
Jamie Donley,1,45,-0.07335770333535356,-0.0017979829248861167,25
Jamie McDonnell,3,45,-0.06141885242159609,-0.0015053640299410808,25
Jan Paul van Hecke,0,40,1.7567624943753715,0.048529350673352796,25
Japhet Tanganga,0,40,-0.016662376157820402,-0.0004602866341939337,25
Jarell Quansah,0,40,0.4666002229155556,0.012889508920319214,25
Jarrad Branthwaite,0,41,2.5166958528004297,0.06765311432259219,25
Jarrod Bowen,3,81,4.337642108063965,0.056479714948749545,25
Jason Steele,2,45,1.9242484708567529,0.0465919726599698,25
Javier Manquillo Gaitán,0,40,0.004478631890725282,0.0001237191130034608,25
Jay Rodriguez,1,55,1.4354050193921883,0.028256004318743866,25
Jay Stansfield,1,45,-0.021160262909815902,-0.000518633894848429,25
Jayden Bogle,0,45,1.5425008343004138,0.037439340638359554,25
Jayden Luker,3,45,0.010393350250305577,0.00025473897672317593,25
Jean-Philippe Gbamin,3,45,-0.005772195551952325,-0.00014147538117530208,25
Jean-Philippe Mateta,1,50,2.129672724873809,0.04649940447322728,25
Jean-Ricner Bellegarde,3,50,1.071956475113272,0.023405163212080176,25
Jeff Hendrick,3,45,0.025563657687501157,0.0006265602374387538,25
Jefferson Lerma Solís,3,50,2.0370337954962405,0.04447672042568211,25
Jeffrey Schlupp,3,50,1.7157415414697301,0.03746160570894608,25
Jenson Metcalfe,3,45,0.01599905324691475,0.0003921336580126165,25
Jeremy Sarmiento Morante,3,45,0.038844995060875326,0.000952083212276356,25
Jesurun Rak-Sakyi,3,45,0.19245215852441977,0.004716964669716171,25
Jhon Durán,1,50,0.8097893106621343,0.017680989315767125,25
Ji-Soo Kim,0,40,0.005251678259100501,0.00014507398505802488,25
Jili Buyabu,0,40,-0.03911392152805204,-0.0010804950698356916,25
Joachim Andersen,0,52,3.119396682566294,0.06471777349722602,25
Joe Gardner,1,45,-0.07706830210604332,-0.0018889289731873363,25
Joe Gomez,0,46,2.0259258741434554,0.048007722136100835,25
Joe Hodge,3,45,-0.009820787981972057,-0.0002407055877934328,25
Joe Hugill,1,45,0.007136275494713323,0.00017490871310571872,25
Joe Rodon,0,40,-0.01852612091541006,-0.0005117712960058027,25
Joe Rothwell,3,50,0.41695117661561987,0.009103737480690391,25
Joe Taylor,1,45,-0.0012229468519502351,-2.9974187547799883e-05,25
Joe White,3,45,0.05574837378812014,0.001366381710493141,25
Joe Whitworth,2,40,-0.012387025767155668,-0.00034124037926048676,25
Joe Willock,3,55,0.21398692709368167,0.004212341084521293,25
Joe Worrall,0,45,0.33860631895499127,0.00821859997463571,25
Joel Matip,0,50,0.8312308100873864,0.017992008876350354,25
Joel Ward,0,45,1.490997390085959,0.03618925704092133,25
Joelinton Cássio Apolinário de Lira,3,60,1.6584757501593332,0.02972178763726404,25
John Egan,0,45,0.2789496255018926,0.006770621978201277,25
John Fleck,3,50,0.05725045325864442,0.0012500098964769524,25
John McAtee,1,45,0.007903994055651786,0.0001937253445012693,25
John McGinn,3,56,3.602007090434859,0.06953681641766138,25
John Stones,0,55,1.194311984513563,0.023326405947530528,25
John-Kymani Gordon,1,45,-0.024376181138123704,-0.0005974554200520516,25
Jonathan Castro Otto,0,45,-0.0253310249568115,-0.0006148307028352305,25
Jonathan Panzo,0,40,-0.027916057151994245,-0.0007711617997788465,25
Jonjo Shelvey,3,50,-0.009521552524051763,-0.00020789415991379396,25
Jonny Evans,0,40,1.549697992330147,0.04280933680470019,25
Jordan Amissah,2,40,0.0021707532509567806,5.9800365040131705e-05,25
Jordan Ayew,3,55,2.367264078067384,0.04659968657612961,25
Jordan Beyer,0,40,1.3700982313765904,0.03784801744134227,25
Jordan Clark,3,50,0.2579323771554939,0.00563171129160467,25
Jordan Henderson,3,50,-0.0022785382552135136,-4.974974356361384e-05,25
Jordan Pickford,2,45,3.4547715102438517,0.08365064189452426,25
Jorge Luiz Frello Filho,3,55,0.7651341817345949,0.015061696490838484,25
Joseph Anang,2,40,-0.008772619268028303,-0.0002416699522872811,25
Joseph Johnson,0,40,-0.0101192726431788,-0.00027953791831985636,25
Josh Bowler,3,45,-0.007195276151709368,-0.0001763548076399355,25
Josh Brooking,0,40,0.013113438037139963,0.0003622496695342531,25
Josh Brownhill,3,50,2.488868411144641,0.054342105046826225,25
Josh Cullen,3,50,0.7894273736136572,0.017236405537416098,25
Josh Dasilva,3,50,0.06762238403094278,0.0014764712670511525,25
Josh Powell,0,40,-0.02860225868665911,-0.0007901176432778759,25
Joshua Duffus,3,45,0.028722786268589595,0.0007039898595242549,25
Joshua King,3,45,-0.06048849552031241,-0.0014825611647135395,25
José Malheiro de Sá,2,50,2.626260346925788,0.056722685678742724,25
João Cancelo,0,60,0.00062170533457101,1.1062372501263522e-05,25
João Neves Virgínia,2,40,-0.010594154892770546,-0.00029184999704602056,25
João Palhinha Gonçalves,3,50,2.17167421764327,0.047416467634132535,25
João Pedro Junqueira de Jesus,1,56,3.651414472529555,0.07049062688280995,25
João Victor Gomes da Silva,3,50,1.7975377528594543,0.03924754918907106,25
Joël Veltman,0,45,1.1040239361376791,0.02679669747906988,25
Joško Gvardiol,0,51,2.2434452206561515,0.047530619081698124,25
Julio Enciso,3,55,0.3262106861074956,0.0064214701989664495,25
Julián Álvarez,1,72,5.943926826369324,0.08766853726208443,25
Jurriën Timber,0,50,0.01887217684967679,0.0004084886763999305,25
Justin Hubner,0,40,-0.056675533274031575,-0.0015656224661334689,25
Justin Kluivert,3,50,1.589726888368217,0.03471019406917505,25
Jérémy Doku,3,68,2.6951867090968307,0.04224430578521678,25
Jóhann Berg Gudmundsson,3,50,1.188241597831703,0.025944139690648536,25
Kacper Kozłowski,3,45,0.038803176541866685,0.0009510582485751639,25
Kaelan Casey,0,40,-0.08146701785292036,-0.002250470106434264,25
Kai Havertz,3,75,2.3345345357640275,0.03297365163508514,25
Kaide Gordon,3,45,-0.038222830766217214,-0.0009368340874072847,25
Kaine Kesler-Hayden,0,40,0.02138912375286528,0.0005908597721785988,25
Kalvin Phillips,3,50,0.15000418947889183,0.0032752006436439266,25
Kaoru Mitoma,3,66,2.758384489397483,0.04463405322649649,25
Karl Darlow,2,40,0.01999448266705678,0.0005508121946847598,25
Karl Hein,2,40,0.012929989434807554,0.00035619805605530456,25
Keane Lewis-Potter,3,50,1.4085260382337943,0.030753843629558828,25
Keinan Davis,1,50,0.01245132089253917,0.0002718629015838247,25
Kell Watts,0,40,0.004629955571904654,0.00012789932519073627,25
Kenny Tete,0,45,0.8813238361614917,0.021391355246638145,25
Kepa Arrizabalaga,2,50,0.011867314231806203,0.0002563134823284277,25
Kevin De Bruyne,3,108,1.1338716992262767,0.010923619453046983,25
Kevin Mbabu,0,40,-0.02424717003858129,-0.0006698113270326323,25
Kevin Schade,3,55,0.7371722008048588,0.014511263795371238,25
Ki-Jana Hoever,0,40,-0.030947962247499794,-0.0008549160841850771,25
Kieffer Moore,1,50,0.579988933432672,0.012663513830407687,25
Kieran Tierney,0,45,-0.0026811390825141612,-6.507619132315925e-05,25
Kieran Trippier,0,70,4.514047395283256,0.06818802711908241,25
Kjell Scherpen,2,40,0.03334735753372875,0.0009186599871550621,25
Kobbie Mainoo,3,45,1.0752038415923517,0.026353035333145876,25
Konstantinos Mavropanos,0,45,1.2327205741064677,0.029920402284137563,25
Konstantinos Tsimikas,0,49,1.7186866764540243,0.03802404151446956,25
Kortney Hause,0,40,0.008931213698494977,0.00024671861045566236,25
Kristian Sekularac,3,45,-0.09103241324602467,-0.0022311865991672714,25
Kristoffer Ajer,0,45,1.028124912336813,0.02495448816351488,25
Kurt Zouma,0,45,2.171843198056367,0.05271464072952346,25
Kyle Walker,0,55,3.4789402407610384,0.06794805157736403,25
Lawrence Vigouroux,2,40,-0.0033244590670407637,-9.158289440883647e-05,25
Leander Dendoncker,3,50,0.6335088085379097,0.013832070055412876,25
Leandro Trossard,3,70,2.54933317643179,0.038743665295315956,25
Leigh Kavanagh,0,40,-0.004595655458910525,-0.0001269518082571968,25
Leo Castledine,3,45,0.05378257652270779,0.0013182004049683282,25
Leon Bailey,3,57,3.4618482951920386,0.06556530862106134,25
Lesley Ugochukwu,3,45,0.3173402550799179,0.007777947428429362,25
Levi Colwill,0,47,2.600511712683054,0.0601970303861818,25
Lewis Cook,3,50,1.644884042471793,0.03591449874392561,25
Lewis Dobbin,3,45,0.4134585902119656,0.010133788975783473,25
Lewis Dunk,0,50,1.7185934370574856,0.03719899214410142,25
Lewis Hall,0,45,0.12555526390736454,0.0030474578618292364,25
Lewis Koumas,1,45,-0.08840884014406476,-0.0021668833368643325,25
Lewis Miley,3,45,1.6146343887285557,0.03957437227275872,25
Lewis O'Brien,3,50,-0.009574727946616873,-0.00020905519534097978,25
Lewis Orford,3,45,-0.06037136687218947,-0.0014796903645144478,25
Lisandro Martínez,0,50,0.6510506074284113,0.014092004489792451,25
Lloyd Kelly,0,45,1.3381121975623829,0.03247845139714521,25
Lorenz Assignon,0,40,3.0998558815885255,0.0856313779444344,25
Loris Karius,2,40,0.019816579006640744,0.0005459112674005715,25
Louie Marsh,1,45,-0.008541628267482143,-0.00020935363400691529,25
Louie Watson,3,45,0.014702377835123459,0.0003603523979196927,25
Loïc Mbe Soh,0,40,-0.027981148079322227,-0.0007729598916939841,25
Luc De Fougerolles,0,40,-0.02651743423466263,-0.0007325258075873654,25
Luca Barrington,3,45,0.012712495523694606,0.0003115807726395737,25
Luca Koleosho,3,50,1.4893618298498057,0.032518817245628946,25
Lucas Bergström,2,40,0.012099688003727072,0.0003333247383946852,25
Lucas Digne,0,47,2.3991130166162353,0.05553502353278322,25
Lucas Tolentino Coelho de Lima,3,60,2.5543698723274764,0.04577723785533112,25
Luis Díaz,3,77,3.247164536552355,0.04460390846912576,25
Luis Sinisterra,3,55,1.6270123093514048,0.032027801365185134,25
Lukasz Fabianski,2,45,0.49188812252582736,0.011910124032102358,25
Luke Berry,3,50,0.09181559716964616,0.0020047073617826673,25
Luke Chambers,0,40,-0.04245316337459579,-0.001172739319740215,25
Luke Cundle,3,45,-0.010017275034304912,-0.00024552144691923806,25
Luke Freeman,3,50,0.011336923306438873,0.00024753107655980076,25
Luke Harris,3,45,0.037376198440651376,0.0009160832951140044,25
Luke McNally,0,40,-0.01888094086917763,-0.0005215729521872274,25
Luke Plange,1,45,-0.023628244269617682,-0.000579123634059257,25
Luke Shaw,0,55,1.365052441450929,0.026661180497088457,25
Luke Thomas,0,40,0.5949196405526045,0.016434244214160343,25
Lyle Foster,1,50,1.877033089604794,0.04098325523154572,25
Mackenzie Hunt,3,45,-0.0013342982659720892,-3.2703388871864934e-05,25
Mads Bech Sørensen,0,40,-0.0007286250518161175,-2.0127763862323687e-05,25
Mads Bidstrup,3,45,0.019715704977476878,0.0004832280631734529,25
Mads Juel Andersen,0,40,0.5621325176281328,0.015528522586412507,25
Mads Roerslev Rasmussen,0,45,1.5094839726392981,0.03663796050095384,25
Mahamadou Susoho,3,45,-0.00940035343646145,-0.000230400819521114,25
Mahmoud Dahoud,3,50,0.5425082747512242,0.011845158837362974,25
Malang Sarr,0,45,-0.004755601634725548,-0.00011542722414382398,25
Malcolm Ebiowei,3,45,-0.007856036628440949,-0.00019254991736374877,25
Malo Gusto,0,43,1.8093529114262805,0.04615696202618062,25
Manor Solomon,3,55,0.4713905455549787,0.009279341447932653,25
Manuel Akanji,0,51,1.9010852564102485,0.040277230008691704,25
Manuel Benson Hedilazio,3,55,0.06734410915381633,0.0013256714400357546,25
Marc Cucurella Saseta,0,50,0.5099449438752806,0.011037769347949795,25
Marc Guéhi,0,47,2.6608030224649237,0.06159266255705841,25
Marcelo de Araújo Pitaluga Filho,2,40,-0.04607199966313408,-0.0012692010926483217,25
Marcos Senesi,0,45,2.3520247786360136,0.05708798006398091,25
Marcus Bettinelli,2,40,-0.05183418949951585,-0.001427939104669858,25
Marcus Oliveira Alencar,3,45,0.02010952975171157,0.0004928806311694013,25
Marcus Rashford,3,90,3.1883551722343233,0.03716031669270773,25
Marcus Tavernier,3,55,2.866699984450509,0.05643110205611239,25
Marek Rodák,2,40,-0.07472308188668797,-0.0020584871043164733,25
Mario Lemina,3,50,2.4442439379631464,0.053367771571247745,25
Mark Flekken,2,45,3.1606543582807234,0.07652916121745093,25
Mark Gillespie,2,40,0.01999956193888025,0.0005509521195283816,25
Mark O’Mahony,1,45,0.012703025013716562,0.0003113486522969746,25
Mark Travers,2,40,0.022331754014087407,0.0006151998350988267,25
Martin Dubravka,2,42,1.4925944545887593,0.03897113458456291,25
Martin Ødegaard,3,85,4.540768003200928,0.05619762380199169,25
Marvelous Nakamba,3,45,0.8893458687739517,0.02179769286210666,25
Mason Burstow,1,45,0.03087420112585429,0.0007567206158297621,25
Mason Holgate,0,40,0.036886453923752116,0.0010189628155732628,25
Mason Mount,3,70,0.4397845799234753,0.00668365622984005,25
Mateo Kovačić,3,50,1.3582287325854567,0.029655649183088578,25
Matheus França de Oliveira,3,50,0.18580956536198057,0.004056977409650231,25
Matheus Luiz Nunes,3,50,0.7470588260687997,0.016311328080104798,25
Matheus Santos Carneiro Da Cunha,1,58,4.707863116918284,0.08750674938509821,25
Mathias Jensen,3,55,2.9913534869331384,0.05888491116010115,25
Mathias Jorgensen,0,45,0.18507951594236183,0.0044922212607369375,25
Matija Šarkić,2,40,-0.014439930212050478,-0.00039779422071764407,25
Matt Doherty,0,45,0.8029972886383113,0.019490225452386194,25
Matt Macey,2,40,0.01005247228928341,0.00027692761127502506,25
Matt Ritchie,3,45,0.09195241574001484,0.0022537356799023247,25
Matt Targett,0,45,0.019385366028286943,0.00047051859291958594,25
Matt Turner,2,41,2.067043311733319,0.05541671077033027,25
Matthew Cox,2,40,0.014294497361878655,0.0003937878061123597,25
Matthew Dibley-Dias,3,45,-0.005579244234687808,-0.0001367461822227404,25
Matthew Whittingham,3,45,-0.03558284374407181,-0.000872128523139015,25
Matty Cash,0,52,2.0905262199914887,0.043371913277831714,25
Matz Sels,2,45,2.322809813481218,0.056242368365162665,25
Mauro Bandeira,3,45,0.16947321791895203,0.004153755341150786,25
Max Aarons,0,45,1.419857218324414,0.03446255384282558,25
Max Kilman,0,45,2.5624786549805325,0.062196083858750785,25
Max Kinsey-Wellings,0,40,0.04793343567349648,0.0013241280572789081,25
Max Lowe,0,45,0.3201337165765854,0.007770235839237509,25
Maxime Esteve,0,40,1.3682208748358449,0.03779615676342113,25
Maxwel Cornet,3,55,0.29370930273095797,0.005781679187617283,25
Micah Hamilton,3,45,-0.0009189101413942247,-2.252230738711335e-05,25
Michael Keane,0,45,0.5747260015728889,0.013949660232351672,25
Michael Ndiweni,1,45,0.07483823691113978,0.001834270512527936,25
Michael Obafemi,1,50,0.04305854032591647,0.0009401428018759055,25
Michael Olakigbe,3,45,0.17245662355971647,0.004226878028424423,25
Michael Olise,3,60,2.663015832634147,0.04772429807588077,25
Michail Antonio,1,61,1.6585293391465021,0.029199460196241235,25
Michale Olakigbe,3,45,0.09986670870728548,0.0024477134487079777,5
Michał Karbownik,0,40,0.017847955845777586,0.0004930374543032482,25
Micky van de Ven,0,47,2.170089724827127,0.050233558445072386,25
Miguel Almirón Rejala,3,65,2.817089152660601,0.046333703168759885,25
Mike Trésor,3,55,0.5832611832035592,0.011481519354400773,25
Mikkel Damsgaard,3,50,0.6043735804510444,0.013195929704171275,25
Milos Kerkez,0,45,1.4397236112414977,0.034944747845667416,25
Mohamed Dräger,0,40,-0.027843931423798818,-0.0007691693763480336,25
Mohamed Elneny,3,45,0.2123731782713204,0.0052052249576304025,25
Mohamed Salah,3,133,5.394124220704595,0.041879846434041884,25
Mohammed Kudus,3,69,3.4476319588633118,0.053204196896038766,25
Moisés Caicedo Corozo,3,50,1.9477368711910483,0.042527005921201934,25
Morgan Gibbs-White,3,60,3.1650153717261125,0.05672070558648947,25
Morgan Rogers,3,50,0.6754851575866312,0.014748584226782342,25
Morgan Sanson,3,45,0.029613587246402368,0.0007258232168235875,25
Moussa Diaby,3,68,3.6860293601598455,0.057774754861439584,25
Moussa Niakhaté,0,45,0.8462787212108598,0.02054074566045776,25
Murillo Santiago Costa dos Santos,0,45,1.9824292301012731,0.048117214322846436,25
Mykhailo Mudryk,3,65,2.104962853210262,0.03462109955937931,25
Myles Lewis-Skelly,3,45,0.030661443151055873,0.0007515059595847028,25
Myles Peart-Harris,3,45,0.10313314864047751,0.002527773250992096,25
Máximo Perrone,3,45,0.019781485421932588,0.000484840328968936,25
Naouirou Ahamada,3,45,0.1360550141406554,0.0033346817191337113,25
Nathan Aké,0,51,3.0447674925012027,0.06450778585807633,25
Nathan Collins,0,45,2.3069402883452605,0.05599369631905972,25
Nathan Fraser,1,45,-0.03344487973544069,-0.0008197274444960954,25
Nathan Patterson,0,45,1.2545189178949898,0.030449488298422082,25
Nathan Redmond,3,50,0.18128789144930413,0.003958250905006641,25
Nathaniel Clyne,0,45,0.8410324732541177,0.020413409545002856,25
Nathaniel Phillips,0,40,-0.020283526285772846,-0.0005603184056843327,25
Nayef Aguerd,0,45,1.401553575465899,0.03401829066664803,25
Neal Maupay,1,50,2.627378154096707,0.05736633524228619,25
Neco Williams,0,45,0.6793917457325305,0.016490090915838116,25
Nick Pope,2,55,2.2440487587754285,0.04374364052193818,25
Nicolas Jackson,1,71,2.8762406701677463,0.04305749506239141,25
Nicolas Pépé,3,50,0.017492201034607635,0.00038192578678182613,25
Nicolás Domínguez,3,50,2.1789162127421173,0.047574589797862825,25
Nicolò Zaniolo,3,55,0.4703448515335781,0.009258756919952324,25
Nikola Vlašić,3,45,-0.002548312318716661,-6.245863526266326e-05,25
Noha Lemina,3,50,-0.024844525930426853,-0.0005424568980442545,25
Noni Madueke,3,55,0.762497696705967,0.01500979717925132,25
Norberto Bercique Gomes Betuncal,1,60,1.1138466017271356,0.01996140863310279,25
Norberto Murara Neto,2,46,3.377260377744128,0.07984067086865551,25
Nuno Varela Tavares,0,40,0.24294258183175554,0.0067111210450761195,25
Nélson Cabral Semedo,0,45,2.1898748977474627,0.05315230334338501,25
Odsonne Edouard,1,56,2.563537998694965,0.049489150553956855,25
Odysseas Vlachodimos,2,45,0.6573851436589273,0.015917315827092673,25
Oleksandr Zinchenko,0,52,3.250168034270831,0.0674308720803077,25
Oliver McBurnie,1,55,1.0717698002614626,0.02109783071380832,25
Oliver Norwood,3,50,1.2270669496333382,0.026791854795487735,25
Oliver Scarles,0,40,-0.04444275915823015,-0.001227700529232877,25
Oliver Skipp,3,50,0.6470230130852249,0.014127140023694869,25
Oliwier Zych,2,40,0.014135564589935923,0.0003894094928357004,25
Ollie Watkins,1,89,6.350161429732225,0.07488397912420076,25
Olu Aina,0,45,1.2980929994386055,0.031507111636859354,25
Omar Richards,0,45,-0.030518171457728394,-0.0007407323169351551,25
Omari Forson,3,45,0.11865295210797516,0.0029081605908817445,25
Omari Kellyman,3,45,0.02855721338887343,0.0006999317007076822,25
Orel Mangala,3,50,1.5661979971336757,0.03419646281951257,25
Oscar Bobb,3,45,0.7467210978836518,0.018301987693226763,25
Owen Beck,0,45,-0.0034734276701363087,-8.430649684796865e-05,25
Owen Dodgson,0,40,-0.019699306778820147,-0.0005441797452712747,25
Owen Hesketh,3,45,-0.050724368951843346,-0.001243244337054984,25
Pablo Fornals Malla,3,50,0.5610462631006485,0.012249918408311104,25
Pablo Sarabia,3,50,2.2893165439364207,0.04998507737852447,25
Pape Matar Sarr,3,46,2.530383015732144,0.06053547884526661,25
Pascal Groß,3,65,4.423804982695526,0.07275995037328169,25
Pau Torres,0,47,2.597498240071932,0.06012727407573916,25
Paul Dummett,0,40,0.021080986679389235,0.0005823476983256694,25
Pedro Lomba Neto,3,58,3.1644087073857854,0.05881800571349044,25
Pedro Porro,0,59,4.008916122708193,0.07262529207804697,25
Pelly Ruddock Mpanzu,3,50,0.8040506119825432,0.017555690217959462,25
Pervis Estupiñán,0,53,1.944112041686753,0.03951447239200717,25
Phil Foden,3,80,5.53204754229441,0.07298215755005819,25
Philip Billing,3,55,1.7192673393714322,0.03384384526321717,25
Philippe Coutinho Correia,3,60,0.08907496398506082,0.0015963255194455345,25
Pierre-Emerick Aubameyang,1,65,-0.006575928374765838,-0.0001081567166902276,25
Pierre-Emile Højbjerg,3,55,0.9295810353621488,0.018298839278782456,25
Radek Vítek,2,40,-0.0036174094018519565,-9.965315156616961e-05,25
Radu Dragusin,0,45,0.12623236944998967,0.00306389246237839,25
Raheem Sterling,3,72,3.469357777644479,0.05117046869682123,25
Raphaël Varane,0,51,1.3648531775909247,0.028916380881163658,25
Rasmus Højlund,1,72,2.8140329558712063,0.04150491085355762,25
Rayan Aït-Nouri,0,45,1.4996556594576458,0.03639940921013703,25
Raúl Jiménez,1,55,2.3683893734825503,0.046621838060680126,25
Reece Burke,0,40,0.9467673850877258,0.02615379516816922,25
Reece James,0,55,0.3828871780238784,0.0074782651957788744,25
Reiss Nelson,3,50,0.23195369701495433,0.005064491201199876,25
Remi Matthews,2,40,-0.006059966939156863,-0.00016694123799330203,25
Remo Freuler,3,50,-0.009518826985028206,-0.00020783465032812677,25
Reuell Walters,0,40,-0.005406269532072655,-0.00014934446221195178,25
Rhian Brewster,1,50,-0.08942199622857538,-0.0019524453325016461,25
Rhys Bennett,0,40,0.05372630711455759,0.0014841521302363973,25
Rhys Norrington-Davies,0,40,0.0728155392777885,0.0020114789855742677,25
Richarlison de Andrade,3,72,3.4891373582533545,0.051462202924090775,25
Richie Laryea,0,45,-0.030641543422247397,-0.0007437267820933833,25
Rico Henry,0,46,0.6724844805028163,0.0159356511967492,25
Rico Lewis,0,45,1.1018934369021487,0.026744986332576423,25
Riyad Mahrez,3,75,0.005671248860514455,8.01023850355149e-05,25
Rob Holding,0,45,-0.026076830552560576,-0.0006329327804019557,25
Robert Sánchez,2,47,2.5437291085955156,0.05874663068349921,25
Robin Olsen,2,40,0.13440287644116372,0.0037025585796463837,25
Rodrigo Bentancur,3,55,0.47975341967216656,0.009443964954176508,25
Rodrigo Duarte Ribeiro,1,45,-0.02784492452014825,-0.0006824736401997121,25
Rodrigo Hernandez,3,57,3.4511968247016505,0.06536357622541004,25
Rodrigo Muniz Carvalho,1,45,1.328981697402584,0.032573080818690786,25
Romain Faivre,3,50,-0.20829758082786853,-0.004547982114145602,25
Romelu Lukaku Bolingoli,1,70,-0.006702831459473063,-0.00010186673950566966,25
Roméo Lavia,3,50,0.036266227932522266,0.0007918390378279972,25
Ronnie Stutter,1,45,-0.002933966230441176,-7.191093702061707e-05,25
Ross Barkley,3,50,2.7676932254403708,0.060429983088217704,25
Ryan Christie,3,50,2.2879544232035105,0.04995533675116835,25
Ryan Fraser,3,50,0.023175498863569455,0.0005060152590299008,25
Ryan Fredericks,0,45,0.004087313209502924,9.920663129861466e-05,25
Ryan Giles,0,45,0.5561630694990937,0.013499103628618777,25
Ryan Gravenberch,3,50,1.2253466842519025,0.026754294415980404,25
Ryan Oné,3,45,0.00043678291059626173,1.0705463495006415e-05,25
Ryan Sessegnon,0,45,-0.02149079752686517,-0.0005216212991957565,25
Ryan Trevitt,3,45,0.019738365734268126,0.0004837834738791208,25
Ryan Yates,3,50,0.9245375031311669,0.02018640836530932,25
Rúben Gato Alves Dias,0,55,2.15096173223374,0.04201097133269023,25
Rúnar Alex Rúnarsson,2,40,0.014611961139913754,0.0004025333647359161,25
Sam Johnstone,2,47,2.3355412614606443,0.05393859726237054,25
Sam Proctor,2,40,0.008967671661443077,0.000247043296458487,25
Sam Surridge,1,45,-0.021738016478927813,-0.0005327945215423484,25
Saman Ghoddos,3,45,0.7476051505306585,0.01832365565026124,25
Samuel Bastien,3,50,-0.000136280451429327,-2.9755557080639084e-06,25
Sander Berge,3,50,1.6029510646898377,0.03499893154344624,25
Sandro Tonali,3,55,0.7743844803530668,0.015243788983328089,25
Santiago Bueno,0,45,0.19621126650070647,0.004762409381085108,25
Sasa Kalajdzic,1,50,0.8355211345249745,0.01824281953111298,25
Saïd Benrahma,3,60,0.5301541100626619,0.009500969714384622,25
Saša Lukić,3,45,0.4823881352619209,0.011823238609360808,25
Scott Carson,2,40,0.014412830248650227,0.0003970476652520724,25
Scott McKenna,0,45,0.5001040107217524,0.012138446862178454,25
Scott McTominay,3,50,2.8424203672245456,0.06206158007040493,25
Scott Twine,3,50,-0.000193181660219921,-4.217940179474258e-06,25
Seamus Coleman,0,45,0.42973859328075315,0.010430548380600804,25
Sean Longstaff,3,50,2.6316015518643656,0.05745854916734423,25
Sepp van den Berg,0,40,-0.02090918951578563,-0.0005776019203255698,25
Serge Aurier,0,45,1.0837772055643418,0.02630527197971703,25
Sergi Canós Tenés,3,50,0.01749226547096111,0.00038192719368910724,25
Sergio Gómez,0,40,0.1553268339602636,0.004290796518239325,25
Sergio Reguilón,0,45,0.9916528705926386,0.02406924443186016,25
Shandon Baptiste,3,45,0.5717511378839629,0.01401350828146968,25
Shea Charles,3,45,0.019722427051169777,0.0004833928198816122,25
Shola Shoretire,1,45,-0.010398417490304346,-0.00025486317378196926,25
Simon Adingra,3,50,2.1381224747993244,0.04668389682967958,25
Siriki Dembélé,3,45,0.027456546943594562,0.0006729545819508471,25
Sofyan Amrabat,3,50,0.5998293235468801,0.013096710121110921,25
Solly March,3,66,1.4435600410709977,0.023358576716359186,25
Son Heung-min,3,99,5.409558713609076,0.057062855628787726,25
Stefan Bajcetic,3,50,-0.0021160555115146695,-4.6202085404250426e-05,25
Stefan Ortega Moreno,2,40,0.21160459523064395,0.005829327692304241,25
Steve Cook,0,45,-0.030542500023151453,-0.000741322816095909,25
Steven Alzate,3,45,0.03930819687163692,0.0009634361978342383,25
Steven Benda,2,40,0.000178830667190627,4.926464660898816e-06,25
Sven Botman,0,47,1.9131335233546103,0.04428549822580116,25
Sydie Peck,3,45,0.04526085629848653,0.0011093347131981993,25
Tahith Chong,3,50,0.8336042003844428,0.018200965073896132,25
Taiwo Awoniyi,1,66,2.1671416944785244,0.03506701771000849,25
Takehiro Tomiyasu,0,45,1.2116407587196718,0.02940875627960368,25
Tanguy Ndombélé Alvaro,3,45,0.0036920065707412852,9.04903571260119e-05,25
Tariq Lamptey,0,40,0.8572697257205002,0.02368148413592542,25
Tawanda Chirewa,3,45,-0.04999690213706698,-0.0012254142680653672,25
Tayo Adaramola,0,40,-0.03459241063433843,-0.0009555914539872495,25
Teden Mengi,0,40,1.2703614267568224,0.0350928570927299,25
Terence Kongolo,0,40,-0.025465916226417362,-0.0007034783487960596,25
Thiago Alcántara do Nascimento,3,50,0.008271338347506846,0.0001805969071508045,25
Thiago Emiliano da Silva,0,50,2.90153457157479,0.06280377860551493,25
Thilo Kehrer,0,45,-0.09378822501971565,-0.002276413228633875,25
Thomas Cannon,1,45,-0.006667672889838661,-0.00016342335514310443,25
Thomas Kaminski,2,45,2.723551942959369,0.06594556762613485,25
Thomas Partey,3,50,0.4367761677045583,0.00953659754813446,25
Thomas Strakosha,2,40,0.17834085380969572,0.004912971179330461,25
Tim Iroegbunam,3,45,0.09156575944575218,0.0022442588099449066,25
Tim Krul,2,45,0.0032107814776438093,7.774289292115762e-05,25
Tim Ream,0,45,1.49460795124638,0.0362768920205432,25
Timo Werner,1,65,3.666592518008854,0.06030579799356668,25
Timothy Castagne,0,45,2.635149441778154,0.06395993790723674,25
Tino Livramento,0,45,1.0568768134158777,0.025652349840191203,25
Tom Cairney,3,50,2.4283520749481573,0.053020787662623525,25
Tom Davies,3,50,-0.02196089442701807,-0.00047949551150694474,25
Tom Heaton,2,40,-0.0002897062928147731,-7.980889609222401e-06,25
Tom King,2,40,-0.014873954364017172,-0.00040975080892609295,25
Tom Lockyer,0,45,1.1207424095637517,0.0272024856690231,25
Tom McGill,2,40,0.03350618250754811,0.0009230353307864493,25
Tommi O'Reilly,3,45,0.025769443667377934,0.0006316040114553416,25
Tommy Doyle,3,45,0.7915758316966088,0.019401368423936492,25
Tomáš Souček,3,50,2.971404011776543,0.06487781685101622,25
Tosin Adarabioyo,0,45,1.2790615401558427,0.031045183013491327,25
Toti António Gomes,0,45,2.129760101148956,0.05169320633856689,25
Travis Hernes,3,45,0.05576488048619688,0.0013667862864263941,25
Trent Alexander-Arnold,0,86,3.9977311411896626,0.04863419879792777,25
Trevoh Chalobah,0,45,-0.004267143058636069,-0.00010357143346204051,25
Treymaurice Nyoni,3,45,-0.03071452311514894,-0.0007528069390967878,25
Ty Barnett,3,45,-0.05073943145641041,-0.0012436135160884905,25
Tyler Adams,3,50,0.018398164033150866,0.0004017066382784032,25
Tyler Onyango,3,45,0.008882319270412303,0.00021770390368657606,25
Tyrell Malacia,0,45,-0.018390147304556737,-0.0004463627986542897,25
Tyrese Francois,3,45,-0.004736833061694312,-0.00011609884955133119,25
Tyrick Mitchell,0,47,2.7169195517951037,0.06289165629155333,25
Tyrone Mings,0,45,0.07255594839959723,0.0017610667087280879,25
Valintino Adedokun,0,40,0.0128607042737105,0.000355268073859406,25
Vicente Guaita,2,45,-0.012922297509733394,-0.0003128885595577093,25
Victor Lindelöf,0,45,1.6968010878608684,0.04118449242380748,25
Victor da Silva,0,45,1.4978891909590526,0.03635653376114205,25
Viljami Sinisalo,2,40,0.02416971611913643,0.0006658323999762102,25
Vincent Angelini,2,40,0.041002482014926234,0.001129544959088877,25
Vini de Souza Costa,3,50,2.0128883813594296,0.04394952797728013,25
Virgil van Dijk,0,63,2.945540670162358,0.04975575456355334,25
Vitalii Mykolenko,0,46,2.964499951605908,0.07024881401909734,25
Vitaly Janelt,3,55,2.6612223935270753,0.05238626758911566,25
Vladimír Coufal,0,47,2.5192068303558015,0.05831497292490281,25
Wataru Endo,3,55,1.0313161440104053,0.020301498897842624,25
Wayne Hennessey,2,40,-0.012156886800203381,-0.0003349004628155202,25
Wes Foderingham,2,45,2.675487257013738,0.06478177377757235,25
Wesley Fofana,0,45,-0.004869715854060874,-0.00011819698674905034,25
Wesley Moraes Ferreira da Silva,1,50,0.01161395715040256,0.00025357985044547075,25
Will Hughes,3,50,1.291559211080436,0.028199982774682008,25
William Osula,1,45,0.5977044644061829,0.014649619225641737,25
William Saliba,0,56,3.738164305426568,0.07161234301583463,25
Willian Borges da Silva,3,55,3.2194503197553113,0.0633750062943959,25
Willy Boly,0,45,1.0667416081185743,0.025891786604819764,25
Willy Kambwala,0,40,0.31899743658617763,0.008812083883596066,25
Wilson Odobert,3,50,1.8823064946699943,0.041098395080130884,25
Wout Weghorst,1,55,-0.018037178266566506,-0.00035506256430249027,25
Yago de Santiago Alonso,3,45,0.020047030209381034,0.000491348779641692,25
Yasin Ayari,3,45,0.03902412921612694,0.000956473755297229,25
Yasser Larouci,0,45,0.21900336868208803,0.005315615744710874,25
Yegor Yarmoliuk,3,44,0.9076763000845565,0.022805937188054185,25
Yegor Yarmolyuk,3,45,0.131825940042128,0.0032310279422090196,12
Yerson Mosquera,0,40,-0.06793853719909831,-0.0018767551712458095,25
Yoane Wissa,1,62,3.2518040361821905,0.056259585401075965,25
Youri Tielemans,3,60,1.4833325001679518,0.026583019716271538,25
Youssef Ramalho Chermiti,1,50,0.11287418867596283,0.0024645019361563937,25
Yves Bissouma,3,50,0.7659879605772111,0.016724627960201115,25
Zack Nelson,3,45,0.0027337329602152294,6.700325882880464e-05,25
Zack Steffen,2,40,0.014463161800260943,0.00039843420937357975,25
Zeki Amdouni,1,55,2.7652838006757623,0.054434720485743354,25
Álvaro Fernández Carreras,0,40,-0.015253030552507818,-0.00042135443515214964,25
Ângelo Gabriel Borges Damaceno,3,50,0.015334068599809986,0.0003348049912622268,25
Đorđe Petrović,2,45,3.7726087948739497,0.09134645992430872,25
